wetland,rec_rate
BB,-1.5824425680555692
DB,-1.827210775000021
DK,-1.442443509722218
GN,-0.8589729796875001
JA,-1.8519602291666541
JB,-1.1244183347221821
JC,-1.096057372222192
NB,-1.5688463013889038
ND,-1.3756306055555219
QB,-1.090463075000025
TA,-1.822005954166652
TB,-1.427395558333366
